{"cameraMode":{"drawMode":0,"name":"Shaded","section":"Shading Mode"},"sceneLighting":true,"audioPlay":false,"sceneViewState":{"showFog":true,"showMaterialUpdate":false,"showSkybox":true,"showFlares":true,"showImageEffects":true,"showParticleSystems":true},"in2DMode":false,"pivot":{"x":-1.8198215961456299,"y":1.2995532751083375,"z":-1.0238447189331055},"rotation":{"x":-0.16914822161197663,"y":0.49204403162002566,"z":-0.09810898452997208,"w":-0.8483256697654724},"size":9.099279403686524,"orthographic":false}